{"loss": [0.1571972668170929, 0.11937828361988068, 0.10728864371776581, 0.09891165792942047, 0.09491527080535889, 0.09534066170454025, 0.08477979153394699], "accuracy": [0.9313462972640991, 0.9465967416763306, 0.9522688388824463, 0.956710159778595, 0.9600813388824463, 0.9593856930732727, 0.9631314277648926], "precision_4": [0.9313462972640991, 0.9465967416763306, 0.9522688388824463, 0.956710159778595, 0.9600813388824463, 0.9593856930732727, 0.9631314277648926], "recall_4": [0.9313462972640991, 0.9465967416763306, 0.9522688388824463, 0.956710159778595, 0.9600813388824463, 0.9593856930732727, 0.9631314277648926], "val_loss": [0.13171279430389404, 0.12727370858192444, 0.11520747095346451, 0.1086433082818985, 0.1149696633219719, 0.11127783358097076, 0.11330112814903259], "val_accuracy": [0.9440369606018066, 0.944355845451355, 0.9494578838348389, 0.9523277878761292, 0.9508928656578064, 0.9537627696990967, 0.9524872303009033], "val_precision_4": [0.9440369606018066, 0.944355845451355, 0.9494578838348389, 0.9523277878761292, 0.9508928656578064, 0.9537627696990967, 0.9524872303009033], "val_recall_4": [0.9440369606018066, 0.944355845451355, 0.9494578838348389, 0.9523277878761292, 0.9508928656578064, 0.9537627696990967, 0.9524872303009033]}