{"evalTest": [0.11888409405946732, 0.9479166865348816, 0.9479166865348816, 0.9479166865348816], "evalValid": [0.11295296251773834, 0.9480064511299133, 0.9480064511299133, 0.9480064511299133], "trainHistory": {"loss": [0.2853137254714966, 0.23666608333587646, 0.22354434430599213, 0.2162390947341919, 0.21047773957252502, 0.20833447575569153, 0.19972719252109528, 0.1992376446723938, 0.20479559898376465, 0.1987270563840866, 0.1937720775604248, 0.19275124371051788, 0.1898021101951599, 0.19232967495918274], "accuracy": [0.8650751113891602, 0.8889485001564026, 0.8972639441490173, 0.8997451663017273, 0.9038358330726624, 0.9040369987487793, 0.9071217775344849, 0.9093347787857056, 0.9075241684913635, 0.9094688892364502, 0.9118830561637878, 0.9112794995307922, 0.9134254455566406, 0.9101395010948181], "precision_11": [0.8650751113891602, 0.8889485001564026, 0.8972639441490173, 0.8997451663017273, 0.9038358330726624, 0.9040369987487793, 0.9071217775344849, 0.9093347787857056, 0.9075241684913635, 0.9094688892364502, 0.9118830561637878, 0.9112794995307922, 0.9134254455566406, 0.9101395010948181], "recall_11": [0.8650751113891602, 0.8889485001564026, 0.8972639441490173, 0.8997451663017273, 0.9038358330726624, 0.9040369987487793, 0.9071217775344849, 0.9093347787857056, 0.9075241684913635, 0.9094688892364502, 0.9118830561637878, 0.9112794995307922, 0.9134254455566406, 0.9101395010948181], "val_loss": [0.13926222920417786, 0.1273430585861206, 0.124269038438797, 0.12171681970357895, 0.12217606604099274, 0.11299413442611694, 0.12190747261047363, 0.10828407108783722, 0.12339074909687042, 0.11301210522651672, 0.10739967972040176, 0.1150737926363945, 0.11778239905834198, 0.11046531051397324], "val_accuracy": [0.9393857717514038, 0.9407327771186829, 0.9480064511299133, 0.9520474076271057, 0.9488146305084229, 0.9523168206214905, 0.9482758641242981, 0.9550107717514038, 0.9455819129943848, 0.9528555870056152, 0.9577047228813171, 0.9523168206214905, 0.951508641242981, 0.9560883641242981], "val_precision_11": [0.9393857717514038, 0.9407327771186829, 0.9480064511299133, 0.9520474076271057, 0.9488146305084229, 0.9523168206214905, 0.9482758641242981, 0.9550107717514038, 0.9455819129943848, 0.9528555870056152, 0.9577047228813171, 0.9523168206214905, 0.951508641242981, 0.9560883641242981], "val_recall_11": [0.9393857717514038, 0.9407327771186829, 0.9480064511299133, 0.9520474076271057, 0.9488146305084229, 0.9523168206214905, 0.9482758641242981, 0.9550107717514038, 0.9455819129943848, 0.9528555870056152, 0.9577047228813171, 0.9523168206214905, 0.951508641242981, 0.9560883641242981]}}