{"evalTest": [0.1115327849984169, 0.9542824029922485, 0.9602571725845337, 0.9508101940155029], "evalValid": [0.12426925450563431, 0.9493243098258972, 0.9531117081642151, 0.9442567825317383], "trainHistory": {"loss": [0.4932805299758911, 0.34844180941581726, 0.3139903247356415, 0.29339727759361267, 0.27815312147140503, 0.2581701874732971, 0.2803998589515686, 0.25431403517723083], "accuracy": [0.8017241358757019, 0.8545258641242981, 0.8710488677024841, 0.8714080452919006, 0.8803879022598267, 0.8861350417137146, 0.8793103694915771, 0.8933189511299133], "precision_11": [0.8276792764663696, 0.8739212155342102, 0.8885172605514526, 0.8870728015899658, 0.8994748592376709, 0.9033097624778748, 0.8942093253135681, 0.9057649374008179], "recall_11": [0.7711925506591797, 0.8365660905838013, 0.8588362336158752, 0.857758641242981, 0.8613505959510803, 0.8724856376647949, 0.8653017282485962, 0.8803879022598267], "val_loss": [0.16775617003440857, 0.17371192574501038, 0.15764328837394714, 0.14657333493232727, 0.11074530333280563, 0.13744698464870453, 0.11716180294752121, 0.12425702065229416], "val_accuracy": [0.9282094836235046, 0.9256756901741028, 0.9307432174682617, 0.9358108043670654, 0.9552364945411682, 0.9467905163764954, 0.9501689076423645, 0.9459459185600281], "val_precision_11": [0.9347639679908752, 0.929974377155304, 0.9448275566101074, 0.9418803453445435, 0.9599317908287048, 0.9545454382896423, 0.9522998332977295, 0.9513236284255981], "val_recall_11": [0.9197635054588318, 0.9197635054588318, 0.9256756901741028, 0.9307432174682617, 0.9510135054588318, 0.9400337934494019, 0.9442567825317383, 0.9408783912658691]}}