{"loss": [0.27978453040122986, 0.23716561496257782, 0.22513851523399353, 0.2168477475643158, 0.21208947896957397, 0.2085724025964737, 0.20084251463413239, 0.2024141550064087], "accuracy": [0.8652611374855042, 0.8896617889404297, 0.8956549763679504, 0.8980094194412231, 0.9022367000579834, 0.9051797986030579, 0.907159686088562, 0.9079623222351074], "precision_5": [0.8652611374855042, 0.8896617889404297, 0.8956549763679504, 0.8980094194412231, 0.9022367000579834, 0.9051797986030579, 0.907159686088562, 0.9079623222351074], "recall_5": [0.8652611374855042, 0.8896617889404297, 0.8956549763679504, 0.8980094194412231, 0.9022367000579834, 0.9051797986030579, 0.907159686088562, 0.9079623222351074], "val_loss": [0.1499253809452057, 0.12574037909507751, 0.12446413189172745, 0.12543508410453796, 0.11136322468519211, 0.11213696002960205, 0.11423207074403763, 0.11620412766933441], "val_accuracy": [0.9323979616165161, 0.9472257494926453, 0.9491390585899353, 0.9446747303009033, 0.9508928656578064, 0.9528061151504517, 0.9528061151504517, 0.9499362111091614], "val_precision_5": [0.9323979616165161, 0.9472257494926453, 0.9491390585899353, 0.9446747303009033, 0.9508928656578064, 0.9528061151504517, 0.9528061151504517, 0.9499362111091614], "val_recall_5": [0.9323979616165161, 0.9472257494926453, 0.9491390585899353, 0.9446747303009033, 0.9508928656578064, 0.9528061151504517, 0.9528061151504517, 0.9499362111091614]}