{"loss": [0.1985142081975937, 0.1342640519142151, 0.11881999671459198, 0.11059950292110443, 0.10400879383087158, 0.0982128158211708, 0.09866258502006531, 0.09365273267030716, 0.09250137954950333, 0.08619153499603271, 0.07984466105699539, 0.08178310096263885, 0.08239702135324478], "accuracy": [0.9180757999420166, 0.9414597749710083, 0.9502889513969421, 0.9521083235740662, 0.9533390402793884, 0.957940936088562, 0.9585830569267273, 0.9582619667053223, 0.9602953791618347, 0.963024377822876, 0.9665560722351074, 0.96484375, 0.9650577902793884], "precision_2": [0.9180757999420166, 0.9414597749710083, 0.9502889513969421, 0.9521083235740662, 0.9533390402793884, 0.957940936088562, 0.9585830569267273, 0.9582619667053223, 0.9602953791618347, 0.963024377822876, 0.9665560722351074, 0.96484375, 0.9650577902793884], "recall_2": [0.9180757999420166, 0.9414597749710083, 0.9502889513969421, 0.9521083235740662, 0.9533390402793884, 0.957940936088562, 0.9585830569267273, 0.9582619667053223, 0.9602953791618347, 0.963024377822876, 0.9665560722351074, 0.96484375, 0.9650577902793884], "val_loss": [0.1571638435125351, 0.1275685429573059, 0.12971998751163483, 0.12563416361808777, 0.1415724754333496, 0.12568065524101257, 0.12333347648382187, 0.12917959690093994, 0.14777663350105286, 0.11751443147659302, 0.12351105362176895, 0.12376589328050613, 0.12174826115369797], "val_accuracy": [0.9301658272743225, 0.9446747303009033, 0.9461097121238708, 0.944355845451355, 0.944355845451355, 0.9437181353569031, 0.9480229616165161, 0.9449936151504517, 0.9357461929321289, 0.9475446343421936, 0.9502550959587097, 0.9508928656578064, 0.9481824040412903], "val_precision_2": [0.9301658272743225, 0.9446747303009033, 0.9461097121238708, 0.944355845451355, 0.944355845451355, 0.9437181353569031, 0.9480229616165161, 0.9449936151504517, 0.9357461929321289, 0.9475446343421936, 0.9502550959587097, 0.9508928656578064, 0.9481824040412903], "val_recall_2": [0.9301658272743225, 0.9446747303009033, 0.9461097121238708, 0.944355845451355, 0.944355845451355, 0.9437181353569031, 0.9480229616165161, 0.9449936151504517, 0.9357461929321289, 0.9475446343421936, 0.9502550959587097, 0.9508928656578064, 0.9481824040412903]}