{"evalTest": [0.192954882979393, 0.9351851940155029, 0.9380841255187988, 0.9293981194496155], "evalValid": [0.0959436222910881, 0.96875, 0.9730941653251648, 0.96875], "trainHistory": {"loss": [1.0040203332901, 0.2806001901626587, 0.1244732066988945, 0.12122133374214172, 0.07518851011991501, 0.1066412478685379, 0.0916249230504036, 0.1038687452673912, 0.10507091134786606, 0.07789622992277145, 0.07005662471055984, 0.06817804276943207], "accuracy": [0.796875, 0.9239583611488342, 0.949999988079071, 0.9520833492279053, 0.9729166626930237, 0.965624988079071, 0.9583333134651184, 0.965624988079071, 0.9593750238418579, 0.9666666388511658, 0.9729166626930237, 0.9739583134651184], "precision_8": [0.804025411605835, 0.9254984259605408, 0.9548319578170776, 0.9619450569152832, 0.9779874086380005, 0.9706498980522156, 0.9673340320587158, 0.9685534834861755, 0.9682203531265259, 0.9757639765739441, 0.9769392013549805, 0.977011501789093], "recall_8": [0.7906249761581421, 0.918749988079071, 0.9468749761581421, 0.9479166865348816, 0.971875011920929, 0.9645833373069763, 0.956250011920929, 0.9624999761581421, 0.9520833492279053, 0.9645833373069763, 0.9708333611488342, 0.9739583134651184], "val_loss": [0.15699949860572815, 0.13382598757743835, 0.11037556827068329, 0.17608857154846191, 0.11374481767416, 0.08124421536922455, 0.07147032767534256, 0.10487653315067291, 0.07091888040304184, 0.14781466126441956, 0.12844660878181458, 0.12275547534227371], "val_accuracy": [0.9464285969734192, 0.9508928656578064, 0.9508928656578064, 0.9419642686843872, 0.9598214030265808, 0.9732142686843872, 0.9732142686843872, 0.9553571343421936, 0.9732142686843872, 0.9553571343421936, 0.9598214030265808, 0.96875], "val_precision_8": [0.954954981803894, 0.959276020526886, 0.9551569223403931, 0.9547511339187622, 0.9641255736351013, 0.977477490901947, 0.9819819927215576, 0.9639639854431152, 0.9773755669593811, 0.9551569223403931, 0.9596412777900696, 0.96875], "val_recall_8": [0.9464285969734192, 0.9464285969734192, 0.9508928656578064, 0.9419642686843872, 0.9598214030265808, 0.96875, 0.9732142686843872, 0.9553571343421936, 0.9642857313156128, 0.9508928656578064, 0.9553571343421936, 0.96875]}}