{"evalTest": [0.10066550970077515, 0.9571759104728699, 0.9609784483909607, 0.9548611044883728], "evalValid": [0.07835163921117783, 0.9543918967247009, 0.9608510732650757, 0.9535472989082336], "trainHistory": {"loss": [0.45469212532043457, 0.1515612155199051, 0.14963269233703613, 0.1348917931318283, 0.12901301681995392, 0.11751159280538559, 0.11421097069978714, 0.11067245900630951, 0.0902404710650444], "accuracy": [0.8599137663841248, 0.9385775923728943, 0.9436063170433044, 0.943965494632721, 0.9443247318267822, 0.9497126340866089, 0.954023003578186, 0.9543821811676025, 0.9594109058380127], "precision_8": [0.8730983138084412, 0.9456005692481995, 0.9524332284927368, 0.9536157846450806, 0.9533697366714478, 0.9553377032279968, 0.9583333134651184, 0.9601449370384216, 0.9614136219024658], "recall_8": [0.8451867699623108, 0.9303160905838013, 0.9349856376647949, 0.9378591775894165, 0.9400143623352051, 0.9450430870056152, 0.9500718116760254, 0.9518678188323975, 0.9576149582862854], "val_loss": [0.21673625707626343, 0.13151104748249054, 0.1115308552980423, 0.10192537307739258, 0.0953841581940651, 0.08722629398107529, 0.11413940042257309, 0.10746622085571289, 0.08842134475708008], "val_accuracy": [0.9172297120094299, 0.9484797120094299, 0.9603040814399719, 0.9636824131011963, 0.9619932174682617, 0.9695945978164673, 0.9560810923576355, 0.962837815284729, 0.9645270109176636], "val_precision_8": [0.9221556782722473, 0.9563729763031006, 0.9665523171424866, 0.9666951298713684, 0.9659284353256226, 0.971867024898529, 0.9625850319862366, 0.9659284353256226, 0.9677693247795105], "val_recall_8": [0.9104729890823364, 0.9442567825317383, 0.9518581032752991, 0.9560810923576355, 0.9577702879905701, 0.962837815284729, 0.9560810923576355, 0.9577702879905701, 0.9636824131011963]}}