{"loss": [0.3184624910354614, 0.254749059677124, 0.2435787171125412, 0.23175963759422302, 0.22881931066513062, 0.22734929621219635, 0.22036173939704895, 0.214947909116745, 0.21328526735305786, 0.20756348967552185, 0.2100735604763031, 0.20156335830688477, 0.20923303067684174, 0.20411564409732819], "accuracy": [0.8596425652503967, 0.8828125, 0.8881100416183472, 0.8961365818977356, 0.898758590221405, 0.8973137736320496, 0.9007384181022644, 0.9006849527359009, 0.902664840221405, 0.9055543541908264, 0.9045912027359009, 0.910477340221405, 0.9037885069847107, 0.9084439277648926], "precision_3": [0.8596425652503967, 0.8828125, 0.8881100416183472, 0.8961365818977356, 0.898758590221405, 0.8973137736320496, 0.9007384181022644, 0.9006849527359009, 0.902664840221405, 0.9055543541908264, 0.9045912027359009, 0.910477340221405, 0.9037885069847107, 0.9084439277648926], "recall_3": [0.8596425652503967, 0.8828125, 0.8881100416183472, 0.8961365818977356, 0.898758590221405, 0.8973137736320496, 0.9007384181022644, 0.9006849527359009, 0.902664840221405, 0.9055543541908264, 0.9045912027359009, 0.910477340221405, 0.9037885069847107, 0.9084439277648926], "val_loss": [0.19209663569927216, 0.14972536265850067, 0.1521766185760498, 0.14081986248493195, 0.14651507139205933, 0.15243493020534515, 0.13739636540412903, 0.13286225497722626, 0.1286962926387787, 0.13306397199630737, 0.12550978362560272, 0.1310829371213913, 0.12748001515865326, 0.1259361058473587], "val_accuracy": [0.9043367505073547, 0.930644154548645, 0.9325574040412903, 0.9359056353569031, 0.9373405575752258, 0.9351084232330322, 0.9382972121238708, 0.9408482313156128, 0.9430803656578064, 0.9437181353569031, 0.9480229616165161, 0.9470663070678711, 0.9433992505073547, 0.9426020383834839], "val_precision_3": [0.9043367505073547, 0.930644154548645, 0.9325574040412903, 0.9359056353569031, 0.9373405575752258, 0.9351084232330322, 0.9382972121238708, 0.9408482313156128, 0.9430803656578064, 0.9437181353569031, 0.9480229616165161, 0.9470663070678711, 0.9433992505073547, 0.9426020383834839], "val_recall_3": [0.9043367505073547, 0.930644154548645, 0.9325574040412903, 0.9359056353569031, 0.9373405575752258, 0.9351084232330322, 0.9382972121238708, 0.9408482313156128, 0.9430803656578064, 0.9437181353569031, 0.9480229616165161, 0.9470663070678711, 0.9433992505073547, 0.9426020383834839]}