{"evalTest": [0.1393662393093109, 0.9453914165496826, 0.9453914165496826, 0.9453914165496826], "evalValid": [0.13535915315151215, 0.9445043206214905, 0.9445043206214905, 0.9445043206214905], "trainHistory": {"loss": [0.1993808001279831, 0.13459168374538422, 0.11872388422489166, 0.1078633964061737, 0.10381831228733063, 0.10172414779663086, 0.0975203663110733, 0.09115605801343918, 0.08694605529308319], "accuracy": [0.9199973344802856, 0.9418588876724243, 0.9478943347930908, 0.9527897238731384, 0.9574838876724243, 0.9558744430541992, 0.9582215547561646, 0.9606357216835022, 0.9615074992179871], "precision_8": [0.9199973344802856, 0.9418588876724243, 0.9478943347930908, 0.9527897238731384, 0.9574838876724243, 0.9558744430541992, 0.9582215547561646, 0.9606357216835022, 0.9615074992179871], "recall_8": [0.9199973344802856, 0.9418588876724243, 0.9478943347930908, 0.9527897238731384, 0.9574838876724243, 0.9558744430541992, 0.9582215547561646, 0.9606357216835022, 0.9615074992179871], "val_loss": [0.13220934569835663, 0.1476394683122635, 0.12823542952537537, 0.1355658322572708, 0.1381702870130539, 0.12394250184297562, 0.13053540885448456, 0.12425608932971954, 0.12454965710639954], "val_accuracy": [0.9420797228813171, 0.9410021305084229, 0.939116358757019, 0.9410021305084229, 0.943696141242981, 0.9477370977401733, 0.9461206793785095, 0.9482758641242981, 0.9455819129943848], "val_precision_8": [0.9420797228813171, 0.9410021305084229, 0.939116358757019, 0.9410021305084229, 0.943696141242981, 0.9477370977401733, 0.9461206793785095, 0.9482758641242981, 0.9455819129943848], "val_recall_8": [0.9420797228813171, 0.9410021305084229, 0.939116358757019, 0.9410021305084229, 0.943696141242981, 0.9477370977401733, 0.9461206793785095, 0.9482758641242981, 0.9455819129943848]}}