{"loss": [521.9329833984375, 0.6931836605072021, 0.6953383088111877, 0.6932917833328247], "accuracy": [0.5032641291618347, 0.494595468044281, 0.4999464750289917, 0.4967358708381653], "precision_1": [0.5032641291618347, 0.494595468044281, 0.4999464750289917, 0.4967358708381653], "recall_1": [0.5032641291618347, 0.494595468044281, 0.4999464750289917, 0.4967358708381653], "val_loss": [0.6930715441703796, 0.6932259202003479, 0.6931699514389038, 0.6933990120887756], "val_accuracy": [0.508769154548645, 0.49075254797935486, 0.49091199040412903, 0.4905931055545807], "val_precision_1": [0.508769154548645, 0.49075254797935486, 0.49091199040412903, 0.4905931055545807], "val_recall_1": [0.508769154548645, 0.49075254797935486, 0.49091199040412903, 0.4905931055545807]}