{"evalTest": [1.0986393690109253, 0.33275464177131653, 0.0, 0.0], "evalValid": [1.0987781286239624, 0.3192567527294159, 0.0, 0.0], "trainHistory": {"loss": [7826.77783203125, 1.1281476020812988, 1.0982929468154907, 1.0998506546020508, 1.0983117818832397, 1.0982551574707031], "accuracy": [0.3107040226459503, 0.323635071516037, 0.31609195470809937, 0.3340517282485962, 0.33656609058380127, 0.33692529797554016], "precision": [0.3040935695171356, 0.6000000238418579, 1.0, 0.25, 1.0, 1.0], "recall": [0.01867816038429737, 0.0010775862028822303, 0.00035919540096074343, 0.00035919540096074343, 0.00035919540096074343, 0.00035919540096074343], "val_loss": [1.1641567945480347, 1.0986156463623047, 1.0986143350601196, 1.099413514137268, 1.0986239910125732, 1.098623275756836], "val_accuracy": [0.3260135054588318, 0.33361485600471497, 0.3327702581882477, 0.33361485600471497, 0.3327702581882477, 0.33361485600471497], "val_precision": [0.0, 0.0, 0.0, 0.0, 0.0, 0.0], "val_recall": [0.0, 0.0, 0.0, 0.0, 0.0, 0.0]}}