{"loss": [0.6104717254638672, 0.2977445423603058, 0.2889586091041565, 0.27605003118515015, 0.2652832567691803, 0.2739071547985077, 0.2668919563293457, 0.25699129700660706], "accuracy": [0.8210616707801819, 0.8585723638534546, 0.8679901361465454, 0.8766587972640991, 0.8760166764259338, 0.8745719194412231, 0.879494845867157, 0.8823844194412231], "precision_1": [0.8210616707801819, 0.8585723638534546, 0.8679901361465454, 0.8766587972640991, 0.8760166764259338, 0.8745719194412231, 0.879494845867157, 0.8823844194412231], "recall_1": [0.8210616707801819, 0.8585723638534546, 0.8679901361465454, 0.8766587972640991, 0.8760166764259338, 0.8745719194412231, 0.879494845867157, 0.8823844194412231], "val_loss": [0.19820328056812286, 0.1545492261648178, 0.15113253891468048, 0.18369810283184052, 0.1501016765832901, 0.15986904501914978, 0.1623256653547287, 0.15950749814510345], "val_accuracy": [0.9059311151504517, 0.9316007494926453, 0.9381377696990967, 0.9158163070678711, 0.9341517686843872, 0.9311224222183228, 0.9244260191917419, 0.9309630393981934], "val_precision_1": [0.9059311151504517, 0.9316007494926453, 0.9381377696990967, 0.9158163070678711, 0.9341517686843872, 0.9311224222183228, 0.9244260191917419, 0.9309630393981934], "val_recall_1": [0.9059311151504517, 0.9316007494926453, 0.9381377696990967, 0.9158163070678711, 0.9341517686843872, 0.9311224222183228, 0.9244260191917419, 0.9309630393981934]}