{"evalTest": [1.0986794233322144, 0.32523149251937866, 0.0, 0.0], "evalValid": [1.0986912250518799, 0.32094594836235046, 0.0, 0.0], "trainHistory": {"loss": [1629.9725341796875, 1.0987110137939453, 1.1013844013214111, 1.0989899635314941, 1.098396897315979], "accuracy": [0.3340517282485962, 0.335488498210907, 0.335488498210907, 0.3347701132297516, 0.33692529797554016], "precision_1": [0.3541666567325592, 0.0, 0.0, 0.5, 0.0], "recall_1": [0.024425286799669266, 0.0, 0.0, 0.0014367816038429737, 0.0], "val_loss": [1.0987759828567505, 1.0982457399368286, 1.1003624200820923, 1.0987412929534912, 1.098655343055725], "val_accuracy": [0.3234797418117523, 0.33445945382118225, 0.33361485600471497, 0.33361485600471497, 0.3327702581882477], "val_precision_1": [0.0, 0.0, 0.0, 0.0, 0.0], "val_recall_1": [0.0, 0.0, 0.0, 0.0, 0.0]}}