{"evalTest": [0.1643718034029007, 0.9302399158477783, 0.9302399158477783, 0.9302399158477783], "evalValid": [0.16112352907657623, 0.9315732717514038, 0.9315732717514038, 0.9315732717514038], "trainHistory": {"loss": [0.5690414309501648, 0.30571675300598145, 0.2970285415649414, 0.2772439122200012, 0.2633763551712036, 0.26432517170906067], "accuracy": [0.8191389441490173, 0.8580337762832642, 0.8647398352622986, 0.8717140555381775, 0.8785541653633118, 0.8747988343238831], "precision_7": [0.8191389441490173, 0.8580337762832642, 0.8647398352622986, 0.8717140555381775, 0.8785541653633118, 0.8747988343238831], "recall_7": [0.8191389441490173, 0.8580337762832642, 0.8647398352622986, 0.8717140555381775, 0.8785541653633118, 0.8747988343238831], "val_loss": [0.2048252373933792, 0.18424071371555328, 0.1624782830476761, 0.1751077026128769, 0.18173497915267944, 0.17761537432670593], "val_accuracy": [0.9162176847457886, 0.9240301847457886, 0.9224137663841248, 0.9269935488700867, 0.920258641242981, 0.9275323152542114], "val_precision_7": [0.9162176847457886, 0.9240301847457886, 0.9224137663841248, 0.9269935488700867, 0.920258641242981, 0.9275323152542114], "val_recall_7": [0.9162176847457886, 0.9240301847457886, 0.9224137663841248, 0.9269935488700867, 0.920258641242981, 0.9275323152542114]}}