{"loss": [204.9658966064453, 0.6931532621383667, 0.693230390548706, 0.6931018233299255, 0.693240761756897, 0.6931237578392029, 0.7185683846473694], "accuracy": [0.5010166764259338, 0.5002675652503967, 0.49946489930152893, 0.504815936088562, 0.4944884479045868, 0.4969499111175537, 0.4990368187427521], "precision": [0.5010166764259338, 0.5002675652503967, 0.49946489930152893, 0.504815936088562, 0.4944884479045868, 0.4969499111175537, 0.4990368187427521], "recall": [0.5010166764259338, 0.5002675652503967, 0.49946489930152893, 0.504815936088562, 0.4944884479045868, 0.4969499111175537, 0.4990368187427521], "val_loss": [0.6935742497444153, 0.6932380795478821, 0.6932942867279053, 0.6931553483009338, 0.6932991147041321, 0.6932736039161682, 0.693345844745636], "val_accuracy": [0.4904336631298065, 0.49091199040412903, 0.49011480808258057, 0.5097257494926453, 0.4905931055545807, 0.4905931055545807, 0.49091199040412903], "val_precision": [0.4904336631298065, 0.49091199040412903, 0.49011480808258057, 0.5097257494926453, 0.4905931055545807, 0.4905931055545807, 0.49091199040412903], "val_recall": [0.4904336631298065, 0.49091199040412903, 0.49011480808258057, 0.5097257494926453, 0.4905931055545807, 0.4905931055545807, 0.49091199040412903]}