{"evalTest": [0.2982892394065857, 0.8946759104728699, 0.9305019378662109, 0.8368055820465088], "evalValid": [0.20117442309856415, 0.9330357313156128, 0.971563994884491, 0.9151785969734192], "trainHistory": {"loss": [3.214292049407959, 0.5911496877670288, 0.4924379885196686, 0.43838122487068176, 0.37863394618034363, 0.4092087149620056, 0.3548453450202942, 0.36630386114120483, 0.34053128957748413, 0.3130771517753601], "accuracy": [0.7093750238418579, 0.7927083373069763, 0.800000011920929, 0.8208333253860474, 0.8479166626930237, 0.84375, 0.8520833253860474, 0.846875011920929, 0.8541666865348816, 0.871874988079071], "precision_7": [0.7185500860214233, 0.8374558091163635, 0.8632478713989258, 0.8760234117507935, 0.8915801644325256, 0.8929411768913269, 0.8957617282867432, 0.8929804563522339, 0.9346246719360352, 0.9064261317253113], "recall_7": [0.7020833492279053, 0.7406250238418579, 0.7364583611488342, 0.7802083492279053, 0.8052083253860474, 0.7906249761581421, 0.8145833611488342, 0.8083333373069763, 0.8041666746139526, 0.8374999761581421], "val_loss": [0.36345338821411133, 0.3177523910999298, 0.1781376302242279, 0.2363702356815338, 0.17485235631465912, 0.18614189326763153, 0.1350526064634323, 0.17083224654197693, 0.18029890954494476, 0.14165426790714264], "val_accuracy": [0.8883928656578064, 0.9017857313156128, 0.9419642686843872, 0.9419642686843872, 0.9375, 0.9330357313156128, 0.9464285969734192, 0.9241071343421936, 0.9419642686843872, 0.9375], "val_precision_7": [0.9065420627593994, 0.9389671087265015, 0.9666666388511658, 0.9452054500579834, 0.9534883499145508, 0.9573459625244141, 0.9585253596305847, 0.9528301954269409, 0.9711538553237915, 0.9711538553237915], "val_recall_7": [0.8660714030265808, 0.8928571343421936, 0.90625, 0.9241071343421936, 0.9151785969734192, 0.9017857313156128, 0.9285714030265808, 0.9017857313156128, 0.9017857313156128, 0.9017857313156128]}}