{"loss": [0.41101551055908203, 0.15961025655269623, 0.14640793204307556, 0.13300065696239471, 0.12468830496072769, 0.11482421308755875, 0.11008099466562271, 0.10493524372577667, 0.10518257319927216, 0.10420473664999008], "accuracy": [0.903842031955719, 0.9319349527359009, 0.9387307167053223, 0.9400684833526611, 0.944991409778595, 0.9502889513969421, 0.952215313911438, 0.956442654132843, 0.9559075236320496, 0.95703125], "precision": [0.903842031955719, 0.9319349527359009, 0.9387307167053223, 0.9400684833526611, 0.944991409778595, 0.9502889513969421, 0.952215313911438, 0.956442654132843, 0.9559075236320496, 0.95703125], "recall": [0.903842031955719, 0.9319349527359009, 0.9387307167053223, 0.9400684833526611, 0.944991409778595, 0.9502889513969421, 0.952215313911438, 0.956442654132843, 0.9559075236320496, 0.95703125], "val_loss": [0.21982382237911224, 0.15201783180236816, 0.15892913937568665, 0.1441875696182251, 0.14569693803787231, 0.1444607973098755, 0.13680985569953918, 0.1469545066356659, 0.16347412765026093, 0.16562752425670624], "val_accuracy": [0.907206654548645, 0.9381377696990967, 0.9304847121238708, 0.9373405575752258, 0.936543345451355, 0.9338328838348389, 0.944355845451355, 0.9402104616165161, 0.941007673740387, 0.936543345451355], "val_precision": [0.907206654548645, 0.9381377696990967, 0.9304847121238708, 0.9373405575752258, 0.936543345451355, 0.9338328838348389, 0.944355845451355, 0.9402104616165161, 0.941007673740387, 0.936543345451355], "val_recall": [0.907206654548645, 0.9381377696990967, 0.9304847121238708, 0.9373405575752258, 0.936543345451355, 0.9338328838348389, 0.944355845451355, 0.9402104616165161, 0.941007673740387, 0.936543345451355]}