{"evalTest": [0.19717763364315033, 0.9236111044883728, 0.9495384693145752, 0.8929398059844971], "evalValid": [0.2056431770324707, 0.9391891956329346, 0.9544626474380493, 0.8851351141929626], "trainHistory": {"loss": [2.330322742462158, 0.547906756401062, 0.4347136616706848, 0.4118620753288269, 0.40673524141311646, 0.3729667663574219, 0.34887462854385376, 0.3623587489128113], "accuracy": [0.6875, 0.764726996421814, 0.8081896305084229, 0.8322557210922241, 0.8311781883239746, 0.8484195470809937, 0.8545258641242981, 0.8484195470809937], "precision_7": [0.7385677099227905, 0.8339903354644775, 0.855623722076416, 0.8760597705841064, 0.8706166744232178, 0.8840349316596985, 0.8958664536476135, 0.8904327154159546], "recall_7": [0.6149425506591797, 0.6839080452919006, 0.7514367699623108, 0.7794540524482727, 0.7758620977401733, 0.7995689511299133, 0.8096264600753784, 0.8056752681732178], "val_loss": [0.41381070017814636, 0.24693457782268524, 0.2620963156223297, 0.21957574784755707, 0.19526465237140656, 0.20664025843143463, 0.22927340865135193, 0.19545798003673553], "val_accuracy": [0.849662184715271, 0.8978040814399719, 0.8826013803482056, 0.9138513803482056, 0.9273648858070374, 0.9189189076423645, 0.9045608043670654, 0.9341216087341309], "val_precision_7": [0.8774597644805908, 0.9253597259521484, 0.9091726541519165, 0.946096658706665, 0.9470899701118469, 0.9372236728668213, 0.9231448769569397, 0.9558558464050293], "val_recall_7": [0.8285472989082336, 0.869087815284729, 0.8538851141929626, 0.8597972989082336, 0.9070945978164673, 0.8952702879905701, 0.8826013803482056, 0.8961148858070374]}}