{"evalTest": [1.0986131429672241, 0.328125, 0.0, 0.0], "evalValid": [1.098122477531433, 0.35219594836235046, 0.0, 0.0], "trainHistory": {"loss": [285.98211669921875, 1.1093217134475708, 1.159006953239441, 1.1307579278945923, 1.1060385704040527, 1.0995255708694458, 1.1749472618103027, 1.2464842796325684, 1.0980970859527588, 1.1005597114562988, 1.097754955291748], "accuracy": [0.3225574791431427, 0.32614943385124207, 0.3315373659133911, 0.33800286054611206, 0.3523706793785095, 0.34913793206214905, 0.34877872467041016, 0.3512931168079376, 0.3433907926082611, 0.3441092073917389, 0.33656609058380127], "precision_3": [0.3191489279270172, 0.0, 0.4285714328289032, 0.3636363744735718, 0.5555555820465088, 0.3333333432674408, 0.0, 0.25, 0.6666666865348816, 0.20000000298023224, 0.800000011920929], "recall_3": [0.03232758492231369, 0.0, 0.0010775862028822303, 0.0014367816038429737, 0.0017959770048037171, 0.00035919540096074343, 0.0, 0.0010775862028822303, 0.0014367816038429737, 0.00035919540096074343, 0.0014367816038429737], "val_loss": [1.0997629165649414, 1.1221587657928467, 1.0988941192626953, 1.1026602983474731, 1.0987522602081299, 1.0987796783447266, 1.0986456871032715, 1.0980005264282227, 1.0984419584274292, 1.0984655618667603, 1.098941445350647], "val_accuracy": [0.2989864945411682, 0.3175675570964813, 0.3310810923576355, 0.3319256901741028, 0.34121620655059814, 0.33361485600471497, 0.3327702581882477, 0.33445945382118225, 0.3378378450870514, 0.33530405163764954, 0.33445945382118225], "val_precision_3": [0.0, 0.0, 0.0, 0.0, 0.0, 0.0, 0.0, 1.0, 0.0, 0.0, 0.0], "val_recall_3": [0.0, 0.0, 0.0, 0.0, 0.0, 0.0, 0.0, 0.0008445946150459349, 0.0, 0.0, 0.0]}}