{"evalTest": [0.9833832383155823, 0.48668980598449707, 0.56207674741745, 0.1440972238779068], "evalValid": [0.971898078918457, 0.4755067527294159, 0.5276073813438416, 0.14527027308940887], "trainHistory": {"loss": [419.3160400390625, 1.0683578252792358, 1.0626189708709717, 1.0407161712646484, 1.018597960472107, 1.0523431301116943, 1.034868597984314, 1.0336973667144775, 1.0170700550079346, 0.9981335401535034, 1.0077177286148071, 0.9915017485618591, 0.9907134771347046, 0.9865389466285706, 0.9902840852737427, 0.9779037237167358, 0.979601263999939, 0.9752744436264038], "accuracy": [0.3857758641242981, 0.40984195470809937, 0.4152298867702484, 0.4392959773540497, 0.44360631704330444, 0.4030172526836395, 0.43031609058380127, 0.44216954708099365, 0.45186781883239746, 0.46515804529190063, 0.45366379618644714, 0.4701867699623108, 0.4762931168079376, 0.47270116209983826, 0.47341954708099365, 0.4777298867702484, 0.4791666567325592, 0.4877873659133911], "precision_2": [0.45495495200157166, 0.5466101765632629, 0.5032467246055603, 0.49024391174316406, 0.4861111044883728, 0.4716981053352356, 0.48577681183815, 0.5240083336830139, 0.5137255191802979, 0.5271739363670349, 0.5117117166519165, 0.5153061151504517, 0.5757071375846863, 0.5428082346916199, 0.5564923882484436, 0.5260029435157776, 0.5493826866149902, 0.5707692503929138], "recall_2": [0.0725574716925621, 0.046336207538843155, 0.055675286799669266, 0.0721982792019844, 0.07543103396892548, 0.05387930944561958, 0.07974138110876083, 0.09015804529190063, 0.0941091924905777, 0.1045258641242981, 0.10201149433851242, 0.10883620381355286, 0.12428160756826401, 0.1138649433851242, 0.11853448301553726, 0.12715516984462738, 0.12787356972694397, 0.13326148688793182], "val_loss": [1.096224308013916, 1.049527645111084, 1.0437724590301514, 1.0177584886550903, 1.023716926574707, 1.0441232919692993, 1.0002491474151611, 1.122389793395996, 1.0276931524276733, 0.9920790195465088, 0.9983406066894531, 0.9883521795272827, 0.9962055087089539, 1.0065380334854126, 0.9653815031051636, 0.9932641983032227, 1.0239301919937134, 0.9831420183181763], "val_accuracy": [0.3640202581882477, 0.4425675570964813, 0.4197635054588318, 0.4383445978164673, 0.4552364945411682, 0.41047295928001404, 0.4695945978164673, 0.4324324429035187, 0.44172295928001404, 0.4746621549129486, 0.46621620655059814, 0.47043919563293457, 0.4611486494541168, 0.4569256901741028, 0.49577704071998596, 0.45861485600471497, 0.44679054617881775, 0.4738175570964813], "val_precision_2": [0.0, 0.4615384638309479, 0.442748099565506, 0.9090909361839294, 0.5416666865348816, 0.40441176295280457, 0.5573770403862, 0.47200000286102295, 0.5428571701049805, 0.6216216087341309, 0.5392857193946838, 0.580110490322113, 0.478723406791687, 0.5929648280143738, 0.5895522236824036, 0.45084744691848755, 0.7062937021255493, 0.5704467296600342], "val_recall_2": [0.0, 0.005067567341029644, 0.048986487090587616, 0.00844594556838274, 0.0878378376364708, 0.04645270109176636, 0.11486486345529556, 0.1494932472705841, 0.08023648709058762, 0.07770270109176636, 0.12753377854824066, 0.08868243545293808, 0.11402027308940887, 0.0996621623635292, 0.13344594836235046, 0.1123310774564743, 0.08530405163764954, 0.14020270109176636]}}