{"loss": [20.171791076660156, 0.6934659481048584, 0.6921334266662598, 0.6910271048545837, 0.6915647983551025, 0.6912057399749756, 0.6914853453636169, 0.6905718445777893, 0.6902617812156677, 0.6892711520195007, 0.6910073161125183, 0.6885348558425903, 0.6865114569664001, 0.6848562359809875, 0.6848891973495483, 0.6826229095458984, 0.6841949820518494, 0.6852420568466187, 0.685419499874115, 0.6825644969940186], "accuracy": [0.4970569312572479, 0.5235445499420166, 0.5306078791618347, 0.5325877666473389, 0.5288955569267273, 0.5334439277648926, 0.5248822569847107, 0.5343536138534546, 0.5271297097206116, 0.5326412916183472, 0.5195847749710083, 0.5246682167053223, 0.5285210013389587, 0.5322666764259338, 0.5263270735740662, 0.5299122333526611, 0.5316245555877686, 0.5292701125144958, 0.5239726305007935, 0.527664840221405], "precision_3": [0.4970569312572479, 0.5235445499420166, 0.5306078791618347, 0.5325877666473389, 0.5288955569267273, 0.5334439277648926, 0.5248822569847107, 0.5343536138534546, 0.5271297097206116, 0.5326412916183472, 0.5195847749710083, 0.5246682167053223, 0.5285210013389587, 0.5322666764259338, 0.5263270735740662, 0.5299122333526611, 0.5316245555877686, 0.5292701125144958, 0.5239726305007935, 0.527664840221405], "recall_3": [0.4970569312572479, 0.5235445499420166, 0.5306078791618347, 0.5325877666473389, 0.5288955569267273, 0.5334439277648926, 0.5248822569847107, 0.5343536138534546, 0.5271297097206116, 0.5326412916183472, 0.5195847749710083, 0.5246682167053223, 0.5285210013389587, 0.5322666764259338, 0.5263270735740662, 0.5299122333526611, 0.5316245555877686, 0.5292701125144958, 0.5239726305007935, 0.527664840221405], "val_loss": [0.6928862929344177, 0.6916757822036743, 0.6903907060623169, 0.6895380616188049, 0.6885452270507812, 0.688355028629303, 0.6893481612205505, 0.6879633665084839, 0.6864913702011108, 0.6912307143211365, 0.6872930526733398, 0.6827362179756165, 0.6826055645942688, 0.6833328008651733, 0.6825411319732666, 0.683571457862854, 0.6807481646537781, 0.6877959966659546, 0.6810810565948486, 0.6858718991279602], "val_accuracy": [0.5248724222183228, 0.5417729616165161, 0.5403380393981934, 0.5454400777816772, 0.5524553656578064, 0.5510203838348389, 0.5435267686843872, 0.5527742505073547, 0.5540497303009033, 0.508769154548645, 0.5427296161651611, 0.5397002696990967, 0.5361925959587097, 0.5499043464660645, 0.5352359414100647, 0.5307716727256775, 0.5235969424247742, 0.504304826259613, 0.5331632494926453, 0.5145089030265808], "val_precision_3": [0.5248724222183228, 0.5417729616165161, 0.5403380393981934, 0.5454400777816772, 0.5524553656578064, 0.5510203838348389, 0.5435267686843872, 0.5527742505073547, 0.5540497303009033, 0.508769154548645, 0.5427296161651611, 0.5397002696990967, 0.5361925959587097, 0.5499043464660645, 0.5352359414100647, 0.5307716727256775, 0.5235969424247742, 0.504304826259613, 0.5331632494926453, 0.5145089030265808], "val_recall_3": [0.5248724222183228, 0.5417729616165161, 0.5403380393981934, 0.5454400777816772, 0.5524553656578064, 0.5510203838348389, 0.5435267686843872, 0.5527742505073547, 0.5540497303009033, 0.508769154548645, 0.5427296161651611, 0.5397002696990967, 0.5361925959587097, 0.5499043464660645, 0.5352359414100647, 0.5307716727256775, 0.5235969424247742, 0.504304826259613, 0.5331632494926453, 0.5145089030265808]}