{"evalTest": [1.1531373262405396, 0.4670138955116272, 0.4719235301017761, 0.45717594027519226], "evalValid": [0.7487457990646362, 0.7455357313156128, 0.764976978302002, 0.7410714030265808], "trainHistory": {"loss": [2410.873291015625, 1.0589556694030762, 1.0241634845733643, 1.0053367614746094, 0.9684379696846008, 0.9408543705940247, 0.9113107323646545, 0.8647253513336182, 0.8240766525268555, 0.7897989749908447, 0.779151201248169, 0.748959481716156, 0.7393434047698975, 0.7163721919059753, 0.6857479214668274, 0.6879023909568787], "accuracy": [0.5427083373069763, 0.6322916746139526, 0.6385416388511658, 0.6229166388511658, 0.6572916507720947, 0.6583333611488342, 0.6864583492279053, 0.7041666507720947, 0.7260416746139526, 0.737500011920929, 0.737500011920929, 0.7479166388511658, 0.753125011920929, 0.7572916746139526, 0.778124988079071, 0.7729166746139526], "precision_2": [0.46385541558265686, 0.6000000238418579, 0.8823529481887817, 0.7027027010917664, 0.7234042286872864, 0.7457627058029175, 0.8550724387168884, 0.7363184094429016, 0.7381215691566467, 0.7480748295783997, 0.7486631274223328, 0.7596982717514038, 0.7582534551620483, 0.7629083395004272, 0.7789473533630371, 0.7764830589294434], "recall_2": [0.08020833134651184, 0.0031250000465661287, 0.015625, 0.02708333358168602, 0.03541666641831398, 0.04583333432674408, 0.06145833432674408, 0.3083333373069763, 0.6958333253860474, 0.7083333134651184, 0.7291666865348816, 0.734375, 0.7416666746139526, 0.7541666626930237, 0.7708333134651184, 0.7635416388511658], "val_loss": [1.0718275308609009, 1.0293294191360474, 0.9877638220787048, 0.9725428819656372, 0.9419530034065247, 0.9044990539550781, 0.9201651215553284, 0.8929494619369507, 0.901035726070404, 0.8741390109062195, 0.8650375604629517, 0.8775327801704407, 0.806566059589386, 0.8502050042152405, 0.8128833174705505, 0.8263868093490601], "val_accuracy": [0.6205357313156128, 0.6830357313156128, 0.7142857313156128, 0.6830357313156128, 0.6875, 0.7008928656578064, 0.6830357313156128, 0.71875, 0.6785714030265808, 0.6651785969734192, 0.6651785969734192, 0.6919642686843872, 0.7276785969734192, 0.6964285969734192, 0.7098214030265808, 0.7098214030265808], "val_precision_2": [1.0, 1.0, 1.0, 0.75, 0.6666666865348816, 0.5, 0.2222222238779068, 0.729468584060669, 0.7042253613471985, 0.6945812702178955, 0.6990291476249695, 0.7142857313156128, 0.7464788556098938, 0.7095237970352173, 0.7168949842453003, 0.7302325367927551], "val_recall_2": [0.004464285913854837, 0.008928571827709675, 0.013392857275903225, 0.013392857275903225, 0.008928571827709675, 0.01785714365541935, 0.008928571827709675, 0.6741071343421936, 0.6696428656578064, 0.6294642686843872, 0.6428571343421936, 0.6696428656578064, 0.7098214030265808, 0.6651785969734192, 0.7008928656578064, 0.7008928656578064]}}