{"loss": [95.90428161621094, 0.6932125091552734, 0.6933320164680481, 0.6931905746459961, 0.6927394270896912, 0.6923490166664124], "accuracy": [0.49807363748550415, 0.5002675652503967, 0.49946489930152893, 0.5038527250289917, 0.4975385367870331, 0.4946489632129669], "precision_2": [0.49807363748550415, 0.5002675652503967, 0.49946489930152893, 0.5038527250289917, 0.4975385367870331, 0.4946489632129669], "recall_2": [0.49807363748550415, 0.5002675652503967, 0.49946489930152893, 0.5038527250289917, 0.4975385367870331, 0.4946489632129669], "val_loss": [0.693331241607666, 0.6935691237449646, 0.6929007768630981, 0.6930951476097107, 0.693707287311554, 0.6930192708969116], "val_accuracy": [0.4893175959587097, 0.49123087525367737, 0.49139031767845154, 0.5110012888908386, 0.4910714328289032, 0.4917091727256775], "val_precision_2": [0.4893175959587097, 0.49123087525367737, 0.49139031767845154, 0.5110012888908386, 0.4910714328289032, 0.4917091727256775], "val_recall_2": [0.4893175959587097, 0.49123087525367737, 0.49139031767845154, 0.5110012888908386, 0.4910714328289032, 0.4917091727256775]}