{"evalTest": [0.6930845379829407, 0.49810606241226196, 0.49810606241226196, 0.49810606241226196], "evalValid": [0.6930603981018066, 0.5072737336158752, 0.5072737336158752, 0.5072737336158752], "trainHistory": {"loss": [34.80070495605469, 0.693318784236908, 0.693196177482605, 0.6931999921798706, 0.6932326555252075], "accuracy": [0.4953058063983917, 0.49711641669273376, 0.5025482773780823, 0.49282458424568176, 0.50248122215271], "precision_3": [0.4953051507472992, 0.49711641669273376, 0.5025482773780823, 0.49282458424568176, 0.50248122215271], "recall_3": [0.495238721370697, 0.49711641669273376, 0.5025482773780823, 0.49282458424568176, 0.50248122215271], "val_loss": [0.6932189464569092, 0.6930184364318848, 0.6935287714004517, 0.6933580636978149, 0.6930795311927795], "val_accuracy": [0.49164870381355286, 0.5080819129943848, 0.4919181168079376, 0.4913793206214905, 0.5078125], "val_precision_3": [0.49164870381355286, 0.5080819129943848, 0.4919181168079376, 0.4913793206214905, 0.5078125], "val_recall_3": [0.49164870381355286, 0.5080819129943848, 0.4919181168079376, 0.4913793206214905, 0.5078125]}}