{"evalTest": [1.1024588346481323, 0.3263888955116272, 0.0, 0.0], "evalValid": [1.0992473363876343, 0.34797295928001404, 1.0, 0.0016891892300918698], "trainHistory": {"loss": [159.39849853515625, 1.0990854501724243, 1.0985593795776367, 1.0984015464782715, 1.0983103513717651, 1.0980299711227417], "accuracy": [0.33010056614875793, 0.3315373659133911, 0.33010056614875793, 0.3229166567325592, 0.3336925208568573, 0.32902297377586365], "precision_5": [0.3583061993122101, 0.0, 1.0, 0.0, 0.0, 0.0], "recall_5": [0.03951149433851242, 0.0, 0.00035919540096074343, 0.0, 0.0, 0.0], "val_loss": [1.1001064777374268, 1.0985807180404663, 1.098449945449829, 1.0991668701171875, 1.098890781402588, 1.0988001823425293], "val_accuracy": [0.34543919563293457, 0.33445945382118225, 0.33952704071998596, 0.32770270109176636, 0.3268581032752991, 0.33361485600471497], "val_precision_5": [0.0, 0.0, 0.0, 0.0, 1.0, 0.0], "val_recall_5": [0.0, 0.0, 0.0, 0.0, 0.0008445946150459349, 0.0]}}