{"loss": [7.345524311065674, 0.6901120543479919, 0.6768106818199158, 0.6680606603622437, 0.6602391004562378, 0.6616461277008057, 0.6457207798957825, 0.6393939256668091, 0.6288044452667236, 0.6266723871231079, 0.6261043548583984, 0.6173592805862427, 0.607309103012085, 0.6011545658111572], "accuracy": [0.5041738152503967, 0.5210830569267273, 0.5496575236320496, 0.5638912916183472, 0.5704730153083801, 0.5780714750289917, 0.5859375, 0.5935894846916199, 0.6026327013969421, 0.6112478375434875, 0.6086258292198181, 0.6142444610595703, 0.621414840221405, 0.6295483708381653], "precision_4": [0.5041738152503967, 0.5210830569267273, 0.5496575236320496, 0.5638912916183472, 0.5704730153083801, 0.5780714750289917, 0.5859375, 0.5935894846916199, 0.6026327013969421, 0.6112478375434875, 0.6086258292198181, 0.6142444610595703, 0.621414840221405, 0.6295483708381653], "recall_4": [0.5041738152503967, 0.5210830569267273, 0.5496575236320496, 0.5638912916183472, 0.5704730153083801, 0.5780714750289917, 0.5859375, 0.5935894846916199, 0.6026327013969421, 0.6112478375434875, 0.6086258292198181, 0.6142444610595703, 0.621414840221405, 0.6295483708381653], "val_loss": [0.6951051950454712, 0.6852287650108337, 0.6951847672462463, 0.6693456172943115, 0.6665173172950745, 0.6565579771995544, 0.6560640931129456, 0.6603968739509583, 0.6499348282814026, 0.6586169004440308, 0.6461681723594666, 0.6478488445281982, 0.6595538258552551, 0.668540358543396], "val_accuracy": [0.4988839328289032, 0.5449617505073547, 0.5073341727256775, 0.5566007494926453, 0.5570790767669678, 0.5669642686843872, 0.5683992505073547, 0.566804826259613, 0.5762117505073547, 0.5856186151504517, 0.5760523080825806, 0.5728635191917419, 0.5658482313156128, 0.5720663070678711], "val_precision_4": [0.4988839328289032, 0.5449617505073547, 0.5073341727256775, 0.5566007494926453, 0.5570790767669678, 0.5669642686843872, 0.5683992505073547, 0.566804826259613, 0.5762117505073547, 0.5856186151504517, 0.5760523080825806, 0.5728635191917419, 0.5658482313156128, 0.5720663070678711], "val_recall_4": [0.4988839328289032, 0.5449617505073547, 0.5073341727256775, 0.5566007494926453, 0.5570790767669678, 0.5669642686843872, 0.5683992505073547, 0.566804826259613, 0.5762117505073547, 0.5856186151504517, 0.5760523080825806, 0.5728635191917419, 0.5658482313156128, 0.5720663070678711]}