{"evalTest": [0.6913720369338989, 0.5345643758773804, 0.5345643758773804, 0.5345643758773804], "evalValid": [0.6911361217498779, 0.5369073152542114, 0.5369073152542114, 0.5369073152542114], "trainHistory": {"loss": [16.366920471191406, 0.6929305195808411, 0.6925169229507446, 0.6923013925552368, 0.692295491695404, 0.6928412914276123, 0.6924000382423401], "accuracy": [0.4951716661453247, 0.5055660009384155, 0.5128085017204285, 0.5198497772216797, 0.5152226686477661, 0.5164297223091125, 0.5154238343238831], "precision_5": [0.4951716661453247, 0.5055660009384155, 0.5128085017204285, 0.5198497772216797, 0.5152226686477661, 0.5164297223091125, 0.5154238343238831], "recall_5": [0.4951716661453247, 0.5055660009384155, 0.5128085017204285, 0.5198497772216797, 0.5152226686477661, 0.5164297223091125, 0.5154238343238831], "val_loss": [0.6930189728736877, 0.691787838935852, 0.692223846912384, 0.690814197063446, 0.6909835934638977, 0.6912369132041931, 0.6919025182723999], "val_accuracy": [0.4951508641242981, 0.5350215435028076, 0.5202047228813171, 0.5436422228813171, 0.5422952771186829, 0.5401400923728943, 0.5290948152542114], "val_precision_5": [0.4951508641242981, 0.5350215435028076, 0.5202047228813171, 0.5436422228813171, 0.5422952771186829, 0.5401400923728943, 0.5290948152542114], "val_recall_5": [0.4951508641242981, 0.5350215435028076, 0.5202047228813171, 0.5436422228813171, 0.5422952771186829, 0.5401400923728943, 0.5290948152542114]}}