{"loss": [39.19087219238281, 119.61883544921875, 0.7628178596496582, 2.377591371536255, 0.6933841109275818], "accuracy": [0.49876925349235535, 0.508401095867157, 0.4984481930732727, 0.49887627363204956, 0.5006421208381653], "precision_5": [0.4987959563732147, 0.508401095867157, 0.4984481930732727, 0.49887627363204956, 0.5006421208381653], "recall_5": [0.49876925349235535, 0.508401095867157, 0.4984481930732727, 0.49887627363204956, 0.5006421208381653], "val_loss": [0.6963117122650146, 0.6931399703025818, 0.6935257315635681, 0.6933411359786987, 0.6933280229568481], "val_accuracy": [0.49521684646606445, 0.5089285969734192, 0.4915497303009033, 0.49123087525367737, 0.49075254797935486], "val_precision_5": [0.49521684646606445, 0.5089285969734192, 0.4915497303009033, 0.49123087525367737, 0.49075254797935486], "val_recall_5": [0.49521684646606445, 0.5089285969734192, 0.4915497303009033, 0.49123087525367737, 0.49075254797935486]}