{"evalTest": [1.0832551717758179, 0.40856480598449707, 0.5261489748954773, 0.19212962687015533], "evalValid": [0.8132599592208862, 0.6517857313156128, 0.8089887499809265, 0.3214285671710968], "trainHistory": {"loss": [305.64794921875, 1.0569854974746704, 1.0415728092193604, 0.9741567969322205, 0.9409993886947632, 0.9334585666656494, 0.9194155335426331, 0.9020610451698303, 0.8728691935539246, 0.8679869771003723, 0.8432995080947876, 0.8912287950515747, 0.8680288791656494, 0.8427504897117615], "accuracy": [0.48750001192092896, 0.6166666746139526, 0.596875011920929, 0.6083333492279053, 0.6156250238418579, 0.6166666746139526, 0.6166666746139526, 0.6229166388511658, 0.6343749761581421, 0.640625, 0.6416666507720947, 0.640625, 0.6645833253860474, 0.6541666388511658], "precision_4": [0.5030864477157593, 0.5847457647323608, 0.6072607040405273, 0.6096096038818359, 0.637333333492279, 0.6198453903198242, 0.6457219123840332, 0.6605113744735718, 0.683748185634613, 0.694968581199646, 0.6844783425331116, 0.7198581695556641, 0.7601010203361511, 0.7896103858947754], "recall_4": [0.16979166865348816, 0.14374999701976776, 0.19166666269302368, 0.4229166805744171, 0.49791666865348816, 0.5010416507720947, 0.503125011920929, 0.484375, 0.48645833134651184, 0.46041667461395264, 0.5604166388511658, 0.4229166805744171, 0.3135416805744171, 0.3166666626930237], "val_loss": [1.0539538860321045, 1.0295805931091309, 0.9082056283950806, 0.8966700434684753, 0.8587590456008911, 0.8935056328773499, 0.8533760905265808, 0.8465000987052917, 0.8141562342643738, 0.8204001188278198, 0.7841945290565491, 0.8877964615821838, 0.8907144665718079, 0.8205897212028503], "val_accuracy": [0.6205357313156128, 0.6919642686843872, 0.6741071343421936, 0.6741071343421936, 0.6875, 0.6741071343421936, 0.6830357313156128, 0.6696428656578064, 0.6785714030265808, 0.6919642686843872, 0.6785714030265808, 0.6830357313156128, 0.6741071343421936, 0.6741071343421936], "val_precision_4": [0.48148149251937866, 0.6576576828956604, 0.6994818449020386, 0.6813187003135681, 0.6935483813285828, 0.6762589812278748, 0.7151514887809753, 0.7006369233131409, 0.7267441749572754, 0.7325581312179565, 0.7553957104682922, 0.7653061151504517, 0.7945205569267273, 0.8172042965888977], "val_recall_4": [0.1160714253783226, 0.3258928656578064, 0.6026785969734192, 0.5535714030265808, 0.5758928656578064, 0.4196428656578064, 0.5267857313156128, 0.4910714328289032, 0.5580357313156128, 0.5625, 0.46875, 0.3348214328289032, 0.2589285671710968, 0.3392857015132904]}}