{"evalTest": [0.14377638697624207, 0.9439709782600403, 0.9439709782600403, 0.9439709782600403], "evalValid": [0.14221544563770294, 0.9461206793785095, 0.9461206793785095, 0.9461206793785095], "trainHistory": {"loss": [0.164030522108078, 0.12185447663068771, 0.10861723870038986, 0.09821660071611404, 0.09316188097000122, 0.0893988087773323, 0.08854924142360687, 0.08196050673723221, 0.0838049128651619, 0.07546747475862503, 0.08105557411909103], "accuracy": [0.927977442741394, 0.9484978318214417, 0.9517167210578918, 0.9560086131095886, 0.9609039425849915, 0.9605016112327576, 0.9627816677093506, 0.9649275541305542, 0.9631839990615845, 0.9700912237167358, 0.9631839990615845], "precision_10": [0.927977442741394, 0.9484978318214417, 0.9517167210578918, 0.9560086131095886, 0.9609039425849915, 0.9605016112327576, 0.9627816677093506, 0.9649275541305542, 0.9631839990615845, 0.9700912237167358, 0.9631839990615845], "recall_10": [0.927977442741394, 0.9484978318214417, 0.9517167210578918, 0.9560086131095886, 0.9609039425849915, 0.9605016112327576, 0.9627816677093506, 0.9649275541305542, 0.9631839990615845, 0.9700912237167358, 0.9631839990615845], "val_loss": [0.1330583095550537, 0.11616770923137665, 0.10830317437648773, 0.11784379929304123, 0.1070309579372406, 0.11545880138874054, 0.1209598109126091, 0.1018650233745575, 0.1151852160692215, 0.10426581650972366, 0.14381936192512512], "val_accuracy": [0.9412715435028076, 0.951777994632721, 0.9558189511299133, 0.9498922228813171, 0.9555495977401733, 0.9504310488700867, 0.9520474076271057, 0.959590494632721, 0.9555495977401733, 0.9566271305084229, 0.9453125], "val_precision_10": [0.9412715435028076, 0.951777994632721, 0.9558189511299133, 0.9498922228813171, 0.9555495977401733, 0.9504310488700867, 0.9520474076271057, 0.959590494632721, 0.9555495977401733, 0.9566271305084229, 0.9453125], "val_recall_10": [0.9412715435028076, 0.951777994632721, 0.9558189511299133, 0.9498922228813171, 0.9555495977401733, 0.9504310488700867, 0.9520474076271057, 0.959590494632721, 0.9555495977401733, 0.9566271305084229, 0.9453125]}}