{"evalTest": [0.18211834132671356, 0.9253472089767456, 0.9367541670799255, 0.9085648059844971], "evalValid": [0.13506843149662018, 0.9419642686843872, 0.9457013607025146, 0.9330357313156128], "trainHistory": {"loss": [0.5455290079116821, 0.3431797921657562, 0.25701671838760376, 0.29293614625930786, 0.22335712611675262, 0.2124221920967102], "accuracy": [0.793749988079071, 0.8697916865348816, 0.8895833492279053, 0.8802083134651184, 0.909375011920929, 0.9052083492279053], "precision_11": [0.8256983160972595, 0.8800856471061707, 0.9094827771186829, 0.9098901152610779, 0.9326818585395813, 0.9234088659286499], "recall_11": [0.7697916626930237, 0.856249988079071, 0.8791666626930237, 0.862500011920929, 0.8947916626930237, 0.8916666507720947], "val_loss": [0.09170559793710709, 0.11841046810150146, 0.08680170029401779, 0.14267002046108246, 0.09543031454086304, 0.10558273643255234], "val_accuracy": [0.96875, 0.9598214030265808, 0.96875, 0.9375, 0.9598214030265808, 0.9464285969734192], "val_precision_11": [0.9771689772605896, 0.9680365324020386, 0.9684684872627258, 0.9497717022895813, 0.9678899049758911, 0.959276020526886], "val_recall_11": [0.9553571343421936, 0.9464285969734192, 0.9598214030265808, 0.9285714030265808, 0.9419642686843872, 0.9464285969734192]}}