{"evalTest": [0.07888298481702805, 0.9675925970077515, 0.9714950323104858, 0.9664351940155029], "evalValid": [0.07059620320796967, 0.974662184715271, 0.9771186709403992, 0.9738175868988037], "trainHistory": {"loss": [0.3096412718296051, 0.15017308294773102, 0.12687170505523682, 0.11773493140935898, 0.10992513597011566, 0.11032004654407501, 0.07800546288490295, 0.09509187191724777, 0.08788149803876877, 0.09079700708389282, 0.08169826120138168], "accuracy": [0.8879310488700867, 0.9389367699623108, 0.9486350417137146, 0.9525862336158752, 0.9511494040489197, 0.9568965435028076, 0.9694684147834778, 0.9630028605461121, 0.9637212753295898, 0.9640804529190063, 0.9640804529190063], "precision_10": [0.8973509669303894, 0.9453352689743042, 0.9538685083389282, 0.9600145220756531, 0.9570596814155579, 0.9611896872520447, 0.9728359580039978, 0.9671005010604858, 0.968173623085022, 0.9692028760910034, 0.9670885801315308], "recall_10": [0.8760775923728943, 0.9317528605461121, 0.9432471394538879, 0.9486350417137146, 0.9446839094161987, 0.9518678188323975, 0.9647988677024841, 0.9608476758003235, 0.9615660905838013, 0.9608476758003235, 0.960488498210907], "val_loss": [0.13498280942440033, 0.15634961426258087, 0.09126906841993332, 0.10434358566999435, 0.09041391313076019, 0.08427425473928452, 0.0823773592710495, 0.06673678755760193, 0.07311346381902695, 0.08963674306869507, 0.08438146859407425], "val_accuracy": [0.9383445978164673, 0.9324324131011963, 0.9603040814399719, 0.9577702879905701, 0.9603040814399719, 0.9662162065505981, 0.9586148858070374, 0.9729729890823364, 0.974662184715271, 0.9636824131011963, 0.9636824131011963], "val_precision_10": [0.9429301619529724, 0.9385665655136108, 0.9626485705375671, 0.9650766849517822, 0.9649273157119751, 0.970059871673584, 0.9650468826293945, 0.9770017266273499, 0.976291298866272, 0.9660441279411316, 0.9669491648674011], "val_recall_10": [0.9349662065505981, 0.9290540814399719, 0.9577702879905701, 0.9569256901741028, 0.9527027010917664, 0.9577702879905701, 0.9560810923576355, 0.96875, 0.9738175868988037, 0.9611486196517944, 0.9636824131011963]}}