{"evalTest": [0.1988086700439453, 0.9259259104728699, 0.931034505367279, 0.921875], "evalValid": [0.0865849032998085, 0.9642857313156128, 0.9773755669593811, 0.9642857313156128], "trainHistory": {"loss": [0.3480663299560547, 0.1403159648180008, 0.08332335203886032, 0.07502896338701248, 0.06800898164510727, 0.07633817940950394, 0.06599557399749756], "accuracy": [0.862500011920929, 0.953125, 0.9739583134651184, 0.965624988079071, 0.9729166626930237, 0.971875011920929, 0.9760416746139526], "precision_10": [0.8838709592819214, 0.9589473605155945, 0.9810924530029297, 0.9695698022842407, 0.9789915680885315, 0.9728600978851318, 0.980042040348053], "recall_10": [0.856249988079071, 0.9489583373069763, 0.9729166626930237, 0.9624999761581421, 0.9708333611488342, 0.9708333611488342, 0.971875011920929], "val_loss": [0.10050234943628311, 0.13732491433620453, 0.1000051349401474, 0.06059473007917404, 0.08768951147794724, 0.10303997993469238, 0.06753842532634735], "val_accuracy": [0.9553571343421936, 0.9464285969734192, 0.9732142686843872, 0.9732142686843872, 0.9598214030265808, 0.9642857313156128, 0.9776785969734192], "val_precision_10": [0.9639639854431152, 0.9459459185600281, 0.9819004535675049, 0.9819819927215576, 0.9596412777900696, 0.9686098694801331, 0.9775784611701965], "val_recall_10": [0.9553571343421936, 0.9375, 0.96875, 0.9732142686843872, 0.9553571343421936, 0.9642857313156128, 0.9732142686843872]}}