{"evalTest": [0.14006999135017395, 0.9392361044883728, 0.9392361044883728, 0.9392361044883728], "evalValid": [0.14311955869197845, 0.9348060488700867, 0.9348060488700867, 0.9348060488700867], "trainHistory": {"loss": [0.33315229415893555, 0.25687912106513977, 0.25151869654655457, 0.24102889001369476, 0.23247873783111572, 0.22091731429100037, 0.22282904386520386, 0.22185802459716797], "accuracy": [0.8456947207450867, 0.8800294995307922, 0.8836507797241211, 0.888613224029541, 0.8909602761268616, 0.8978675007820129, 0.9008181095123291, 0.897196888923645], "precision_9": [0.8456947207450867, 0.8800294995307922, 0.8836507797241211, 0.888613224029541, 0.8909602761268616, 0.8978675007820129, 0.9008181095123291, 0.897196888923645], "recall_9": [0.8456947207450867, 0.8800294995307922, 0.8836507797241211, 0.888613224029541, 0.8909602761268616, 0.8978675007820129, 0.9008181095123291, 0.897196888923645], "val_loss": [0.17174726724624634, 0.16134004294872284, 0.15125557780265808, 0.14785189926624298, 0.1377367526292801, 0.14417602121829987, 0.14712581038475037, 0.13991285860538483], "val_accuracy": [0.920527994632721, 0.9267241358757019, 0.935883641242981, 0.9315732717514038, 0.9423491358757019, 0.9345366358757019, 0.9348060488700867, 0.9385775923728943], "val_precision_9": [0.920527994632721, 0.9267241358757019, 0.935883641242981, 0.9315732717514038, 0.9423491358757019, 0.9345366358757019, 0.9348060488700867, 0.9385775923728943], "val_recall_9": [0.920527994632721, 0.9267241358757019, 0.935883641242981, 0.9315732717514038, 0.9423491358757019, 0.9345366358757019, 0.9348060488700867, 0.9385775923728943]}}