{"evalTest": [0.19388119876384735, 0.9207175970077515, 0.9393757581710815, 0.9056712985038757], "evalValid": [0.09504886716604233, 0.9732142686843872, 0.977477490901947, 0.96875], "trainHistory": {"loss": [1.0955592393875122, 0.341908723115921, 0.3139096200466156, 0.280386358499527, 0.23858244717121124, 0.22147464752197266, 0.22283612191677094], "accuracy": [0.746874988079071, 0.8583333492279053, 0.8604166507720947, 0.878125011920929, 0.890625, 0.9020833373069763, 0.9083333611488342], "precision_9": [0.7717514038085938, 0.8962795734405518, 0.8950276374816895, 0.9059734344482422, 0.9218061566352844, 0.9211663007736206, 0.9216738343238831], "recall_9": [0.7114583253860474, 0.828125, 0.84375, 0.8531249761581421, 0.871874988079071, 0.8885416388511658, 0.8947916626930237], "val_loss": [0.11627408117055893, 0.1216609999537468, 0.14366066455841064, 0.10465417802333832, 0.1483413428068161, 0.12437795102596283, 0.12587681412696838], "val_accuracy": [0.9508928656578064, 0.9508928656578064, 0.9375, 0.9598214030265808, 0.9419642686843872, 0.9508928656578064, 0.9642857313156128], "val_precision_9": [0.9504504799842834, 0.9551569223403931, 0.9375, 0.9726027250289917, 0.9675925970077515, 0.9506726264953613, 0.9814814925193787], "val_recall_9": [0.9419642686843872, 0.9508928656578064, 0.9375, 0.9508928656578064, 0.9330357313156128, 0.9464285969734192, 0.9464285969734192]}}