{"evalTest": [0.1507403701543808, 0.9340277910232544, 0.9381563663482666, 0.9305555820465088], "evalValid": [0.13479503989219666, 0.9442567825317383, 0.9474130868911743, 0.943412184715271], "trainHistory": {"loss": [0.7636843323707581, 0.34521809220314026, 0.31914156675338745, 0.2829715609550476, 0.2781091630458832, 0.27750855684280396, 0.2856875956058502, 0.2722867727279663, 0.25742360949516296, 0.27115562558174133, 0.2564295828342438], "accuracy": [0.7611350417137146, 0.8477011322975159, 0.8588362336158752, 0.8821839094161987, 0.881465494632721, 0.8764367699623108, 0.8742815852165222, 0.8836206793785095, 0.8900862336158752, 0.8843390941619873, 0.891523003578186], "precision_9": [0.791300892829895, 0.8741922974586487, 0.8896054625511169, 0.8918420076370239, 0.8988806009292603, 0.8988341689109802, 0.8969537615776062, 0.9091253280639648, 0.9041450619697571, 0.9036370515823364, 0.9093283414840698], "recall_9": [0.712284505367279, 0.8261494040489197, 0.8423132300376892, 0.8678160905838013, 0.8653017282485962, 0.858476996421814, 0.8566810488700867, 0.8624281883239746, 0.8775143623352051, 0.8656609058380127, 0.8753591775894165], "val_loss": [0.177754208445549, 0.17705850303173065, 0.17068281769752502, 0.155971959233284, 0.15812422335147858, 0.12224291265010834, 0.14811073243618011, 0.0965796709060669, 0.15152516961097717, 0.14704373478889465, 0.12767864763736725], "val_accuracy": [0.9189189076423645, 0.9273648858070374, 0.9290540814399719, 0.9366554021835327, 0.9358108043670654, 0.9510135054588318, 0.9400337934494019, 0.9577702879905701, 0.9451013803482056, 0.9265202879905701, 0.9510135054588318], "val_precision_9": [0.9340277910232544, 0.9383144974708557, 0.9419410824775696, 0.9437716007232666, 0.9417808055877686, 0.9555935263633728, 0.9668161273002625, 0.9624893665313721, 0.9521776437759399, 0.9373927712440491, 0.9540033936500549], "val_recall_9": [0.9087837934494019, 0.912162184715271, 0.9180743098258972, 0.9214527010917664, 0.9290540814399719, 0.9451013803482056, 0.9104729890823364, 0.9535472989082336, 0.9417229890823364, 0.9231418967247009, 0.9459459185600281]}}