{"evalTest": [0.6931742429733276, 0.5014204382896423, 0.5014204382896423, 0.5014204382896423], "evalValid": [0.6932893395423889, 0.4924568831920624, 0.4924568831920624, 0.4924568831920624], "trainHistory": {"loss": [300.79150390625, 0.6932547092437744, 0.6931819915771484, 0.6932596564292908, 0.694200873374939], "accuracy": [0.5058342218399048, 0.4987929165363312, 0.49805524945259094, 0.49758583307266235, 0.49550697207450867], "precision_1": [0.5058342218399048, 0.4987929165363312, 0.49805524945259094, 0.49758583307266235, 0.49550697207450867], "recall_1": [0.5058342218399048, 0.4987929165363312, 0.49805524945259094, 0.49758583307266235, 0.49550697207450867], "val_loss": [0.6933438777923584, 0.6931416988372803, 0.6932952404022217, 0.6931665539741516, 0.6932939887046814], "val_accuracy": [0.49272629618644714, 0.4921875, 0.4911099076271057, 0.49272629618644714, 0.4919181168079376], "val_precision_1": [0.49272629618644714, 0.4921875, 0.4911099076271057, 0.49272629618644714, 0.4919181168079376], "val_recall_1": [0.49272629618644714, 0.4921875, 0.4911099076271057, 0.49272629618644714, 0.4919181168079376]}}