{"evalTest": [1.197176456451416, 0.3263888955116272, 0.3263888955116272, 0.3263888955116272], "evalValid": [0.9541760683059692, 0.6026785969734192, 0.6026785969734192, 0.6026785969734192], "trainHistory": {"loss": [1013.5548095703125, 1.0708692073822021, 1.0418814420700073, 1.0161621570587158, 1.0086685419082642, 1.3060894012451172, 0.9945996403694153, 1.3116456270217896, 0.963808000087738, 0.9609445929527283, 0.9560273885726929, 0.9792613387107849, 0.9463041424751282], "accuracy": [0.5489583611488342, 0.6145833134651184, 0.6135416626930237, 0.612500011920929, 0.6145833134651184, 0.6177083253860474, 0.6145833134651184, 0.6135416626930237, 0.6145833134651184, 0.6135416626930237, 0.6135416626930237, 0.6166666746139526, 0.6135416626930237], "precision_1": [0.4747474789619446, 0.5333333611488342, 0.5384615659713745, 0.6842105388641357, 0.7200000286102295, 0.6666666865348816, 0.6881720423698425, 0.6904761791229248, 0.7142857313156128, 0.6202861070632935, 0.6135416626930237, 0.6166666746139526, 0.6141814589500427], "recall_1": [0.09791667014360428, 0.008333333767950535, 0.0072916666977107525, 0.01354166679084301, 0.01875000074505806, 0.05416666716337204, 0.06666667014360428, 0.06041666492819786, 0.010416666977107525, 0.49687498807907104, 0.6135416626930237, 0.6166666746139526, 0.6135416626930237], "val_loss": [1.0759079456329346, 1.0411932468414307, 1.012969732284546, 1.0264936685562134, 1.0810319185256958, 0.9476181268692017, 0.9398983716964722, 0.9358696341514587, 0.9147002100944519, 0.8946050405502319, 0.914978563785553, 0.9011250138282776, 0.8960662484169006], "val_accuracy": [0.7053571343421936, 0.6875, 0.6785714030265808, 0.6785714030265808, 0.6830357313156128, 0.6741071343421936, 0.6741071343421936, 0.6651785969734192, 0.6830357313156128, 0.6964285969734192, 0.6696428656578064, 0.6696428656578064, 0.6741071343421936], "val_precision_1": [0.0, 0.0, 0.0, 0.5, 0.0, 0.0, 0.0, 0.0, 0.0, 0.6964285969734192, 0.6696428656578064, 0.6696428656578064, 0.6741071343421936], "val_recall_1": [0.0, 0.0, 0.0, 0.004464285913854837, 0.0, 0.0, 0.0, 0.0, 0.0, 0.6964285969734192, 0.6696428656578064, 0.6696428656578064, 0.6741071343421936]}}