{"evalTest": [0.587330162525177, 0.8883101940155029, 0.9090358018875122, 0.8674768805503845], "evalValid": [0.6497286558151245, 0.9508928656578064, 0.954954981803894, 0.9464285969734192], "trainHistory": {"loss": [5.240833759307861, 0.7516260743141174, 0.3267914950847626, 0.25645050406455994, 0.141921266913414, 0.15330936014652252, 0.14003321528434753, 0.15035896003246307], "accuracy": [0.8291666507720947, 0.909375011920929, 0.9364583492279053, 0.9281250238418579, 0.9479166865348816, 0.9458333253860474, 0.9395833611488342, 0.9510416388511658], "precision_6": [0.8291666507720947, 0.9131799340248108, 0.9489361643791199, 0.9387755393981934, 0.9697297215461731, 0.9674620628356934, 0.9737417697906494, 0.9718004465103149], "recall_6": [0.8291666507720947, 0.909375011920929, 0.9291666746139526, 0.9104166626930237, 0.934374988079071, 0.9291666746139526, 0.9270833134651184, 0.9333333373069763], "val_loss": [1.6135789155960083, 0.2875611484050751, 0.3717007040977478, 0.3819665312767029, 0.2347993552684784, 0.4347323477268219, 0.2922021448612213, 0.5201195478439331], "val_accuracy": [0.8616071343421936, 0.9241071343421936, 0.8973214030265808, 0.9464285969734192, 0.9196428656578064, 0.9375, 0.9553571343421936, 0.9419642686843872], "val_precision_6": [0.8616071343421936, 0.9403669834136963, 0.9086757898330688, 0.9624413251876831, 0.9485981464385986, 0.9490740895271301, 0.9681817889213562, 0.9590908885002136], "val_recall_6": [0.8616071343421936, 0.9151785969734192, 0.8883928656578064, 0.9151785969734192, 0.90625, 0.9151785969734192, 0.9508928656578064, 0.9419642686843872]}}