{"evalTest": [0.1592622548341751, 0.9379734992980957, 0.9379734992980957, 0.9379734992980957], "evalValid": [0.13235776126384735, 0.9461206793785095, 0.9461206793785095, 0.9461206793785095], "trainHistory": {"loss": [0.3993273377418518, 0.1613098829984665, 0.1419421136379242, 0.13315020501613617, 0.12434013932943344], "accuracy": [0.8973309993743896, 0.9283127784729004, 0.937969446182251, 0.9427306652069092, 0.9464190006256104], "precision_6": [0.8973309993743896, 0.9283127784729004, 0.937969446182251, 0.9427306652069092, 0.9464190006256104], "recall_6": [0.8973309993743896, 0.9283127784729004, 0.937969446182251, 0.9427306652069092, 0.9464190006256104], "val_loss": [0.20126426219940186, 0.15635107457637787, 0.17223529517650604, 0.16615691781044006, 0.15681563317775726], "val_accuracy": [0.9151400923728943, 0.9337284564971924, 0.9237607717514038, 0.936152994632721, 0.9353448152542114], "val_precision_6": [0.9151400923728943, 0.9337284564971924, 0.9237607717514038, 0.936152994632721, 0.9353448152542114], "val_recall_6": [0.9151400923728943, 0.9337284564971924, 0.9237607717514038, 0.936152994632721, 0.9353448152542114]}}