{"evalTest": [0.716803789138794, 0.5596590638160706, 0.5596590638160706, 0.5596590638160706], "evalValid": [0.7186501026153564, 0.5633081793785095, 0.5633081793785095, 0.5633081793785095], "trainHistory": {"loss": [27.123416900634766, 0.7042636275291443, 0.6897510290145874, 0.7012316584587097, 0.6829881072044373, 0.6780233979225159, 0.669646143913269, 0.656282901763916, 0.6426270604133606, 0.6219233274459839, 0.599328339099884, 0.5473207235336304, 0.5190143585205078, 0.48636865615844727], "accuracy": [0.5082483887672424, 0.526689887046814, 0.5377548336982727, 0.5471432209014893, 0.557738721370697, 0.5677306652069092, 0.5893240571022034, 0.6105149984359741, 0.6254023313522339, 0.6500133872032166, 0.6640289425849915, 0.6813304424285889, 0.6934012770652771, 0.7063438892364502], "precision": [0.5082483887672424, 0.526689887046814, 0.5377548336982727, 0.5471432209014893, 0.557738721370697, 0.5677306652069092, 0.5893240571022034, 0.6105149984359741, 0.6254023313522339, 0.6500133872032166, 0.6640289425849915, 0.6813304424285889, 0.6934012770652771, 0.7063438892364502], "recall": [0.5082483887672424, 0.526689887046814, 0.5377548336982727, 0.5471432209014893, 0.557738721370697, 0.5677306652069092, 0.5893240571022034, 0.6105149984359741, 0.6254023313522339, 0.6500133872032166, 0.6640289425849915, 0.6813304424285889, 0.6934012770652771, 0.7063438892364502], "val_loss": [0.6926974654197693, 0.6922466158866882, 0.6911321878433228, 0.6888449192047119, 0.6906094551086426, 0.688284695148468, 0.6838133335113525, 0.6870795488357544, 0.6790603399276733, 0.6904289722442627, 0.6719456911087036, 0.6847662925720215, 0.7177653312683105, 0.7173373103141785], "val_accuracy": [0.5196659564971924, 0.5334051847457886, 0.5347521305084229, 0.5352909564971924, 0.529633641242981, 0.5495689511299133, 0.548222005367279, 0.5436422228813171, 0.563847005367279, 0.5528017282485962, 0.5692349076271057, 0.5649245977401733, 0.5630387663841248, 0.560883641242981], "val_precision": [0.5196659564971924, 0.5334051847457886, 0.5347521305084229, 0.5352909564971924, 0.529633641242981, 0.5495689511299133, 0.548222005367279, 0.5436422228813171, 0.563847005367279, 0.5528017282485962, 0.5692349076271057, 0.5649245977401733, 0.5630387663841248, 0.560883641242981], "val_recall": [0.5196659564971924, 0.5334051847457886, 0.5347521305084229, 0.5352909564971924, 0.529633641242981, 0.5495689511299133, 0.548222005367279, 0.5436422228813171, 0.563847005367279, 0.5528017282485962, 0.5692349076271057, 0.5649245977401733, 0.5630387663841248, 0.560883641242981]}}