{"evalTest": [0.1479528397321701, 0.9484953880310059, 0.9552677869796753, 0.9392361044883728], "evalValid": [0.1956820785999298, 0.9239864945411682, 0.9289383292198181, 0.9163851141929626], "trainHistory": {"loss": [1.7263864278793335, 0.29794222116470337, 0.21123769879341125, 0.20031240582466125, 0.187665656208992, 0.16540665924549103, 0.15092027187347412, 0.1285034418106079, 0.1415536105632782, 0.12845748662948608, 0.10634731501340866, 0.11880239099264145], "accuracy": [0.8218390941619873, 0.8854166865348816, 0.9163074493408203, 0.9249281883239746, 0.929238498210907, 0.9371408224105835, 0.9436063170433044, 0.9500718116760254, 0.9511494040489197, 0.9475574493408203, 0.9594109058380127, 0.9561781883239746], "precision_6": [0.8376259803771973, 0.9194865822792053, 0.940910816192627, 0.9422503709793091, 0.9377289414405823, 0.9468830823898315, 0.9562016725540161, 0.9579678177833557, 0.9584547877311707, 0.9677902460098267, 0.9690007567405701, 0.9646114706993103], "recall_6": [0.806034505367279, 0.8491379022598267, 0.897988498210907, 0.9084051847457886, 0.9195402264595032, 0.9220545887947083, 0.9331896305084229, 0.9414511322975159, 0.9446839094161987, 0.9281609058380127, 0.9543821811676025, 0.9497126340866089], "val_loss": [0.4093688130378723, 0.20552752912044525, 0.20927691459655762, 0.16994516551494598, 0.16753587126731873, 0.16336318850517273, 0.1394740492105484, 0.16405943036079407, 0.12951436638832092, 0.14873842895030975, 0.1587558537721634, 0.1384342759847641], "val_accuracy": [0.8657094836235046, 0.9146959185600281, 0.9189189076423645, 0.9349662065505981, 0.931587815284729, 0.931587815284729, 0.9417229890823364, 0.9375, 0.9501689076423645, 0.9451013803482056, 0.9442567825317383, 0.9493243098258972], "val_precision_6": [0.9118773937225342, 0.9347442388534546, 0.9387040138244629, 0.9493891596794128, 0.9367521405220032, 0.9422911405563354, 0.951931357383728, 0.9460616707801819, 0.9656690359115601, 0.947234034538269, 0.9497016072273254, 0.9586563110351562], "val_recall_6": [0.8040540814399719, 0.8952702879905701, 0.9054054021835327, 0.9189189076423645, 0.9256756901741028, 0.9239864945411682, 0.9366554021835327, 0.9332770109176636, 0.9265202879905701, 0.9400337934494019, 0.9408783912658691, 0.9400337934494019]}}