{"evalTest": [1.1464242935180664, 0.42476850748062134, 0.43106675148010254, 0.39988425374031067], "evalValid": [0.8110752701759338, 0.7410714030265808, 0.7534883618354797, 0.7232142686843872], "trainHistory": {"loss": [176231.671875, 1.0625736713409424, 1.0348379611968994, 1.0120006799697876, 0.9870845675468445, 0.97234046459198, 0.9575597643852234, 0.9286397695541382, 0.9040915966033936, 0.9058169722557068, 0.8824722170829773, 0.8279011845588684, 0.814456582069397, 0.7463459372520447, 0.7931969165802002, 0.7785343527793884, 0.7389822006225586, 0.7272869348526001, 0.7319977879524231, 0.7163169980049133], "accuracy": [0.5218750238418579, 0.6135416626930237, 0.6166666746139526, 0.6187499761581421, 0.625, 0.628125011920929, 0.6291666626930237, 0.6489583253860474, 0.6697916388511658, 0.6604166626930237, 0.671875, 0.7145833373069763, 0.7093750238418579, 0.7520833611488342, 0.7145833373069763, 0.721875011920929, 0.7447916865348816, 0.7447916865348816, 0.7385416626930237, 0.7489583492279053], "precision": [0.3441295623779297, 1.0, 1.0, 1.0, 1.0, 1.0, 1.0, 1.0, 0.6987577676773071, 0.6782122850418091, 0.6845102310180664, 0.7240223288536072, 0.7147470116615295, 0.7563830018043518, 0.7197452187538147, 0.7241014838218689, 0.7438894510269165, 0.74737948179245, 0.7431579232215881, 0.7510504126548767], "recall": [0.0885416641831398, 0.0010416667209938169, 0.0031250000465661287, 0.004166666883975267, 0.008333333767950535, 0.0062500000931322575, 0.00937500037252903, 0.02500000037252903, 0.46875, 0.6322916746139526, 0.6260416507720947, 0.675000011920929, 0.6916666626930237, 0.7406250238418579, 0.706250011920929, 0.7135416865348816, 0.7291666865348816, 0.7427083253860474, 0.7354166507720947, 0.7447916865348816], "val_loss": [1.069079875946045, 1.033458948135376, 1.003696322441101, 0.9802433252334595, 0.9638972878456116, 0.9424095749855042, 0.9246487617492676, 0.9020220637321472, 0.923985481262207, 0.9105215668678284, 0.8885926604270935, 0.9035761952400208, 0.8799071311950684, 0.8505363464355469, 0.8665899634361267, 0.8304477334022522, 0.8142372965812683, 0.7924765944480896, 0.8404775261878967, 0.8190122246742249], "val_accuracy": [0.6830357313156128, 0.6964285969734192, 0.6919642686843872, 0.6830357313156128, 0.6696428656578064, 0.6785714030265808, 0.6875, 0.6964285969734192, 0.65625, 0.6785714030265808, 0.6875, 0.6696428656578064, 0.6830357313156128, 0.7098214030265808, 0.6830357313156128, 0.7053571343421936, 0.7276785969734192, 0.7410714030265808, 0.7008928656578064, 0.7142857313156128], "val_precision": [0.0, 0.0, 0.0, 0.0, 0.0, 0.0, 0.0, 0.0, 0.7103825211524963, 0.6960784196853638, 0.712195098400116, 0.6881720423698425, 0.7142857313156128, 0.7425742745399475, 0.6972476840019226, 0.7323943376541138, 0.7428571581840515, 0.7616822719573975, 0.7224880456924438, 0.7285714149475098], "val_recall": [0.0, 0.0, 0.0, 0.0, 0.0, 0.0, 0.0, 0.0, 0.5803571343421936, 0.6339285969734192, 0.6517857313156128, 0.5714285969734192, 0.6026785969734192, 0.6696428656578064, 0.6785714030265808, 0.6964285969734192, 0.6964285969734192, 0.7276785969734192, 0.6741071343421936, 0.6830357313156128]}}