{"evalTest": [1.2371420860290527, 0.32407405972480774, 0.32407405972480774, 0.32407405972480774], "evalValid": [0.8274544477462769, 0.71875, 0.71875, 0.71875], "trainHistory": {"loss": [11521.115234375, 1.0766149759292603, 1.0328421592712402, 1.0214794874191284, 0.997508704662323, 0.9843335747718811, 0.9737447500228882, 0.964067816734314, 0.956640362739563, 0.9528108239173889, 0.9468148946762085, 0.9453798532485962, 0.9426296949386597, 0.9395968317985535, 0.9411101937294006, 0.9368213415145874, 0.9397732019424438, 0.9368740916252136, 0.936313807964325, 0.9347445368766785], "accuracy": [0.5843750238418579, 0.6177083253860474, 0.6135416626930237, 0.6145833134651184, 0.6177083253860474, 0.6145833134651184, 0.6145833134651184, 0.6166666746139526, 0.6177083253860474, 0.6156250238418579, 0.6177083253860474, 0.6156250238418579, 0.6156250238418579, 0.6166666746139526, 0.6135416626930237, 0.6166666746139526, 0.612500011920929, 0.6145833134651184, 0.6145833134651184, 0.6156250238418579], "precision_3": [0.3834196925163269, 0.5, 0.75, 0.6000000238418579, 0.0, 0.0, 0.0, 0.0, 0.617367684841156, 0.6152241826057434, 0.6177083253860474, 0.6156250238418579, 0.6156250238418579, 0.6166666746139526, 0.6135416626930237, 0.6166666746139526, 0.612500011920929, 0.6145833134651184, 0.6145833134651184, 0.6156250238418579], "recall_3": [0.07708333432674408, 0.0020833334419876337, 0.0031250000465661287, 0.0031250000465661287, 0.0, 0.0, 0.0, 0.0, 0.4739583432674408, 0.6145833134651184, 0.6177083253860474, 0.6156250238418579, 0.6156250238418579, 0.6166666746139526, 0.6135416626930237, 0.6166666746139526, 0.612500011920929, 0.6145833134651184, 0.6145833134651184, 0.6156250238418579], "val_loss": [1.0682199001312256, 1.0344429016113281, 1.0069395303726196, 0.9826825261116028, 0.9598597884178162, 0.9480017423629761, 0.9295891523361206, 0.9182841181755066, 0.9155088067054749, 0.8976439237594604, 0.9025315046310425, 0.8932586312294006, 0.8892773985862732, 0.8900853395462036, 0.8704234957695007, 0.8804711699485779, 0.8825197815895081, 0.8629992604255676, 0.8658355474472046, 0.8691609501838684], "val_accuracy": [0.6875, 0.6785714030265808, 0.6785714030265808, 0.6696428656578064, 0.6785714030265808, 0.6696428656578064, 0.6785714030265808, 0.6785714030265808, 0.6696428656578064, 0.6830357313156128, 0.6696428656578064, 0.6741071343421936, 0.6741071343421936, 0.6696428656578064, 0.6875, 0.6741071343421936, 0.6696428656578064, 0.6875, 0.6830357313156128, 0.6785714030265808], "val_precision_3": [0.0, 0.0, 0.0, 0.0, 0.0, 0.0, 0.0, 0.0, 0.6696428656578064, 0.6830357313156128, 0.6696428656578064, 0.6741071343421936, 0.6741071343421936, 0.6696428656578064, 0.6875, 0.6741071343421936, 0.6696428656578064, 0.6875, 0.6830357313156128, 0.6785714030265808], "val_recall_3": [0.0, 0.0, 0.0, 0.0, 0.0, 0.0, 0.0, 0.0, 0.6696428656578064, 0.6830357313156128, 0.6696428656578064, 0.6741071343421936, 0.6741071343421936, 0.6696428656578064, 0.6875, 0.6741071343421936, 0.6696428656578064, 0.6875, 0.6830357313156128, 0.6785714030265808]}}