{"evalTest": [0.6931187510490417, 0.49763256311416626, 0.49763256311416626, 0.49763256311416626], "evalValid": [0.6933252811431885, 0.5075430870056152, 0.5075430870056152, 0.5075430870056152], "trainHistory": {"loss": [195.3305206298828, 0.6928980946540833, 0.6904264688491821, 0.6911370754241943, 0.6893192529678345, 0.6815522313117981, 0.6905416250228882], "accuracy": [0.5005365014076233, 0.5, 0.5207886099815369, 0.507041335105896, 0.5227333903312683, 0.544594943523407, 0.5144850015640259], "precision_2": [0.5005365014076233, 0.5, 0.5207886099815369, 0.507041335105896, 0.5227333903312683, 0.544594943523407, 0.5144850015640259], "recall_2": [0.5005365014076233, 0.5, 0.5207886099815369, 0.507041335105896, 0.5227333903312683, 0.544594943523407, 0.5144850015640259], "val_loss": [0.693213939666748, 0.6930478811264038, 0.6931882500648499, 0.6900586485862732, 0.6927036643028259, 0.6905039548873901, 0.6931254863739014], "val_accuracy": [0.4913793206214905, 0.5080819129943848, 0.5102370977401733, 0.5449892282485962, 0.5121228694915771, 0.5272090435028076, 0.5080819129943848], "val_precision_2": [0.4913793206214905, 0.5080819129943848, 0.5102370977401733, 0.5449892282485962, 0.5121228694915771, 0.5272090435028076, 0.5080819129943848], "val_recall_2": [0.4913793206214905, 0.5080819129943848, 0.5102370977401733, 0.5449892282485962, 0.5121228694915771, 0.5272090435028076, 0.5080819129943848]}}