{"evalTest": [0.6615985035896301, 0.5765467286109924, 0.5765467286109924, 0.5765467286109924], "evalValid": [0.6726012229919434, 0.5778555870056152, 0.5778555870056152, 0.5778555870056152], "trainHistory": {"loss": [14.391721725463867, 0.6850064396858215, 0.6662606000900269, 0.6521639823913574, 0.6322571039199829, 0.6231762170791626, 0.6088723540306091, 0.5945207476615906], "accuracy": [0.511064887046814, 0.5435220003128052, 0.5718213319778442, 0.5918723344802856, 0.6060890555381775, 0.6117221117019653, 0.6223846673965454, 0.6304318904876709], "precision_4": [0.5110991597175598, 0.5435220003128052, 0.5718213319778442, 0.5918723344802856, 0.6060890555381775, 0.6117221117019653, 0.6223846673965454, 0.6304318904876709], "recall_4": [0.511064887046814, 0.5435220003128052, 0.5718213319778442, 0.5918723344802856, 0.6060890555381775, 0.6117221117019653, 0.6223846673965454, 0.6304318904876709], "val_loss": [0.6914390325546265, 0.6745383739471436, 0.6692160367965698, 0.6706413626670837, 0.6609886288642883, 0.665881335735321, 0.6695619225502014, 0.6645112633705139], "val_accuracy": [0.5323275923728943, 0.5509159564971924, 0.5549569129943848, 0.5479525923728943, 0.5821659564971924, 0.5732758641242981, 0.5738146305084229, 0.5740840435028076], "val_precision_4": [0.5323275923728943, 0.5509159564971924, 0.5549569129943848, 0.5479525923728943, 0.5821659564971924, 0.5732758641242981, 0.5738146305084229, 0.5740840435028076], "val_recall_4": [0.5323275923728943, 0.5509159564971924, 0.5549569129943848, 0.5479525923728943, 0.5821659564971924, 0.5732758641242981, 0.5738146305084229, 0.5740840435028076]}}