{"evalTest": [1.0989378690719604, 0.37615740299224854, 0.3333333432674408, 0.0005787037080153823], "evalValid": [1.098611831665039, 0.3741554021835327, 0.0, 0.0], "trainHistory": {"loss": [81.4062728881836, 1.0987838506698608, 1.0990370512008667, 1.0995186567306519, 1.0986276865005493, 1.0982335805892944, 1.0988192558288574, 1.0994079113006592], "accuracy": [0.31860631704330444, 0.3351293206214905, 0.32830458879470825, 0.32902297377586365, 0.3243534564971924, 0.3419540226459503, 0.33800286054611206, 0.35739943385124207], "precision_4": [0.3333333432674408, 0.4000000059604645, 0.6000000238418579, 0.0, 0.5, 0.25, 0.3333333432674408, 0.3333333432674408], "recall_4": [0.025502873584628105, 0.0007183908019214869, 0.0010775862028822303, 0.0, 0.0010775862028822303, 0.00035919540096074343, 0.00035919540096074343, 0.00035919540096074343], "val_loss": [1.100077748298645, 1.0994904041290283, 1.1000115871429443, 1.0990791320800781, 1.098267674446106, 1.0987980365753174, 1.0996986627578735, 1.0989800691604614], "val_accuracy": [0.32179054617881775, 0.33361485600471497, 0.3319256901741028, 0.33445945382118225, 0.3429054021835327, 0.35895270109176636, 0.3817567527294159, 0.37162160873413086], "val_precision_4": [0.3333333432674408, 0.3333333432674408, 0.6666666865348816, 0.5, 0.0, 0.0, 0.0, 0.0], "val_recall_4": [0.0008445946150459349, 0.0008445946150459349, 0.0016891892300918698, 0.0008445946150459349, 0.0, 0.0, 0.0, 0.0]}}