{"evalTest": [NaN, 0.34837964177131653, 0.0, 0.0], "evalValid": [NaN, 0.1785714328289032, 0.0, 0.0], "trainHistory": {"loss": [NaN, NaN, NaN], "accuracy": [0.23854166269302368, 0.1927083283662796, 0.1927083283662796], "precision_5": [0.4065040647983551, 0.0, 0.0], "recall_5": [0.1041666641831398, 0.0, 0.0], "val_loss": [NaN, NaN, NaN], "val_accuracy": [0.1696428507566452, 0.1919642835855484, 0.1875], "val_precision_5": [0.0, 0.0, 0.0], "val_recall_5": [0.0, 0.0, 0.0]}}